{"MID_LOW_UNKNOWN": {"NORMAL_CHAT": 0.0, "STALL_CONFUSION": 0.0, "STALL_FAKE_DATA": 0.0, "BAIT_FOR_INTEL": 6.845494433091755, "DEPLOY_FAKE_PROOF": 14.488429927907188, "SUBMISSIVE_APOLOGY": 13.684316814218445, "safe-chat": 74.46524845485744, "kyc-delay-loop": 68.91873455501933, "VERIFY_IDENTITY": 60.124382521657715}, "EARLY_LOW_UNKNOWN": {"NORMAL_CHAT": 0.0, "STALL_CONFUSION": 0.0, "STALL_FAKE_DATA": 4.910107173523473, "BAIT_FOR_INTEL": 4.488224917220211, "DEPLOY_FAKE_PROOF": 3.9779919589795676, "SUBMISSIVE_APOLOGY": 0.0, "safe-chat": 62.9983589645344, "VERIFY_IDENTITY": 53.73838923571589, "CROSS_CHANNEL_LURE": 61.038167474811836, "kyc-delay-loop": 56.75414387510916, "OTP_STALL": 56.062703171475356, "telegram-verification-request": 2.2353146528160166, "telegram-verification-loop": 7.512556406658397, "telegram-suspicion": 6.326707230231544}, "LATE_LOW_UNKNOWN": {"NORMAL_CHAT": 0.0, "STALL_CONFUSION": 0.0, "STALL_FAKE_DATA": 7.811914096619437, "BAIT_FOR_INTEL": 0.0, "DEPLOY_FAKE_PROOF": 0.0, "SUBMISSIVE_APOLOGY": 38.348614841035754, "VERIFY_IDENTITY": 60.7418938499742, "MERCHANT_CODE_BAIT": 84.00351634435788, "kyc-delay-loop": 14.63833180102721}, "LATE_LOW_JOB_SCAM": {"NORMAL_CHAT": 0.0, "STALL_CONFUSION": 0.0, "STALL_FAKE_DATA": 0.0, "BAIT_FOR_INTEL": 0.0, "DEPLOY_FAKE_PROOF": 0.0, "SUBMISSIVE_APOLOGY": 0.0}, "LATE_LOW_LOTTERY": {"NORMAL_CHAT": 0.0, "STALL_CONFUSION": 0.0, "STALL_FAKE_DATA": 0.0, "BAIT_FOR_INTEL": 0.0, "DEPLOY_FAKE_PROOF": 0.0, "SUBMISSIVE_APOLOGY": 0.0}, "Unknown_False": {"NORMAL_CHAT": 0.0, "STALL_CONFUSION": 0.0, "STALL_FAKE_DATA": 0.0, "BAIT_FOR_INTEL": 0.0, "DEPLOY_FAKE_PROOF": 0.0, "SUBMISSIVE_APOLOGY": 0.0}}